{
  "src": [
    "input-sprite.webm"
  ],
  "sprite": {
    "input-sprite-1": [
      0,
      119.97732426303854
    ],
    "input-sprite-2": [
      1200.0000000000002,
      129.97732426303844
    ],
    "input-sprite-3": [
      2400.0000000000005,
      124.94331065759656
    ]
  }
}