{
  "src": [
    "title-reveal.webm"
  ],
  "sprite": {
    "title-reveal-0": [
      0,
      1079.9773242630386
    ],
    "title-reveal-1": [
      2200,
      1879.9773242630388
    ],
    "title-reveal-2": [
      4400,
      2079.977324263039
    ]
  }
}